{"cameraMode":{"drawMode":0,"name":"Shaded","section":"Shading Mode"},"sceneLighting":true,"audioPlay":false,"sceneViewState":{"m_AlwaysRefresh":false,"showFog":true,"showSkybox":true,"showFlares":true,"showImageEffects":true,"showParticleSystems":true,"showVisualEffectGraphs":true,"m_FxEnabled":true},"in2DMode":false,"pivot":{"x":627.1763916015625,"y":66.44023132324219,"z":135.12747192382813},"rotation":{"x":0.17604674398899079,"y":0.060801707208156589,"z":-0.01090772170573473,"w":0.9824568033218384},"size":6.280001640319824,"orthographic":false}